Batch ID,Status,Created,Updated,Related Object 1 Type,Related Object 1 ID
01JP8GQ7G4F4HH99114EKQCNKH,failed,2025-03-13 19:46:52 GMT,2025-03-13 19:48:47 GMT,dataSet,67081eeeab438b2aefac53d5
01JP8FTPVT5ZEBP45HENFE2WK8,failed,2025-03-13 19:31:18 GMT,2025-03-13 19:33:07 GMT,dataSet,67081eeeab438b2aefac53d5
01JP8EZY3KMMRJAYC6R2ABG9G1,failed,2025-03-13 19:16:40 GMT,2025-03-13 19:19:04 GMT,dataSet,67081eeeab438b2aefac53d5
01JP8E3TYC98MWXJ2XK1SEZ5PA,failed,2025-03-13 19:01:20 GMT,2025-03-13 19:03:11 GMT,dataSet,67081eeeab438b2aefac53d5
01JP8E3SF5XKDE3RMW7ZQ5486S,failed,2025-03-13 19:01:18 GMT,2025-03-13 19:03:09 GMT,dataSet,67081eeeab438b2aefac53d5
01JP8E3S88PPQQ19NCTMXXA6P2,failed,2025-03-13 19:01:18 GMT,2025-03-13 19:03:14 GMT,dataSet,67081eeeab438b2aefac53d5
01JP8D87J142KR8VK93A3T0MVM,failed,2025-03-13 18:46:15 GMT,2025-03-13 18:47:57 GMT,dataSet,67081eeeab438b2aefac53d5
01JP8CCT3Q5EHB5MA7AKGB11VR,failed,2025-03-13 18:31:16 GMT,2025-03-13 18:33:05 GMT,dataSet,67081eeeab438b2aefac53d5
01JP8BJ0P9WPKPFHQAC9JQJNK8,failed,2025-03-13 18:16:38 GMT,2025-03-13 18:18:27 GMT,dataSet,67081eeeab438b2aefac53d5
01JP8AP79DFDNP1P2J3BA9ZPWH,failed,2025-03-13 18:01:28 GMT,2025-03-13 18:03:12 GMT,dataSet,67081eeeab438b2aefac53d5
01JP8AP6X00Q035K4YNJA5GE8X,failed,2025-03-13 18:01:27 GMT,2025-03-13 18:03:12 GMT,dataSet,67081eeeab438b2aefac53d5
01JP89TH2DY09T4SEZY1G2XHM6,failed,2025-03-13 17:46:20 GMT,2025-03-13 17:47:59 GMT,dataSet,67081eeeab438b2aefac53d5
01JP89TGJKCP1HHW7DGQ8A0DXM,failed,2025-03-13 17:46:20 GMT,2025-03-13 17:47:57 GMT,dataSet,67081eeeab438b2aefac53d5
01JP88YXP6F8JWWK9TS1ZMY40S,failed,2025-03-13 17:31:16 GMT,2025-03-13 17:32:56 GMT,dataSet,67081eeeab438b2aefac53d5
01JP883HP9NH3ZVDW4ZT9SWJEY,failed,2025-03-13 17:16:19 GMT,2025-03-13 17:21:12 GMT,dataSet,67081eeeab438b2aefac53d5
01JP87DGMXF0SKBHGPS6ZE7KRD,failed,2025-03-13 17:04:17 GMT,2025-03-13 17:06:32 GMT,dataSet,67081eeeab438b2aefac53d5
01JP87DFPTDR6ZJ2FHMV44BRK8,failed,2025-03-13 17:04:16 GMT,2025-03-13 17:06:31 GMT,dataSet,67081eeeab438b2aefac53d5
01JP86DF3QAW50Z55HRPMA73KH,failed,2025-03-13 16:46:46 GMT,2025-03-13 16:49:02 GMT,dataSet,67081eeeab438b2aefac53d5
01JP86DDXYXGJNFV9A4F93JRY8,failed,2025-03-13 16:46:45 GMT,2025-03-13 16:49:02 GMT,dataSet,67081eeeab438b2aefac53d5
01JP85H99Q54F4Y0Z5RKJ4CGMA,failed,2025-03-13 16:31:23 GMT,2025-03-13 16:33:37 GMT,dataSet,67081eeeab438b2aefac53d5
01JP84P6V11C61MDRSHY30NCM3,failed,2025-03-13 16:16:36 GMT,2025-03-13 16:18:20 GMT,dataSet,67081eeeab438b2aefac53d5
01JP83TGZFRRQ0WN53CC24YYPW,failed,2025-03-13 16:01:29 GMT,2025-03-13 16:03:10 GMT,dataSet,67081eeeab438b2aefac53d5
01JP83TFMJCWVQDTRM51PG4W5R,failed,2025-03-13 16:01:27 GMT,2025-03-13 16:03:12 GMT,dataSet,67081eeeab438b2aefac53d5
01JP82Z28MDZ6GX2QH9N8Z1N4A,failed,2025-03-13 15:46:29 GMT,2025-03-13 15:48:21 GMT,dataSet,67081eeeab438b2aefac53d5
01JP823EV07VRSG9F6K22V4M9V,failed,2025-03-13 15:31:24 GMT,2025-03-13 15:33:05 GMT,dataSet,67081eeeab438b2aefac53d5
01JP817VD3CTANX3RZ20V7032Z,failed,2025-03-13 15:16:20 GMT,2025-03-13 15:17:56 GMT,dataSet,67081eeeab438b2aefac53d5
01JP80CB2SS2NDKNXQHJ56SZQB,failed,2025-03-13 15:01:18 GMT,2025-03-13 15:06:15 GMT,dataSet,67081eeeab438b2aefac53d5
01JP80CAT55SR1EE55BME4R6CH,failed,2025-03-13 15:01:18 GMT,2025-03-13 15:06:12 GMT,dataSet,67081eeeab438b2aefac53d5
01JP7ZMDZ6N55W7QZ606T530T5,failed,2025-03-13 14:48:15 GMT,2025-03-13 14:50:02 GMT,dataSet,67081eeeab438b2aefac53d5
01JP7YP1CR6WENP13WVFCN9NC1,failed,2025-03-13 14:31:39 GMT,2025-03-13 14:33:19 GMT,dataSet,67081eeeab438b2aefac53d5
01JP7XT7FX6DQ2EQ97R5S2M4CB,failed,2025-03-13 14:16:27 GMT,2025-03-13 14:18:11 GMT,dataSet,67081eeeab438b2aefac53d5
01JP7WZBQY1K089KN1B26VZE5F,failed,2025-03-13 14:01:47 GMT,2025-03-13 14:03:29 GMT,dataSet,67081eeeab438b2aefac53d5
01JP7WZBBYJN4V75PRJFRHDS3F,failed,2025-03-13 14:01:47 GMT,2025-03-13 14:03:26 GMT,dataSet,67081eeeab438b2aefac53d5
01JP7W38XRFTXJ1S6ZZHJJAVB4,failed,2025-03-13 13:46:27 GMT,2025-03-13 13:48:04 GMT,dataSet,67081eeeab438b2aefac53d5
01JP7V8H8D27PY89GVYEGTFJAS,failed,2025-03-13 13:31:51 GMT,2025-03-13 13:33:24 GMT,dataSet,67081eeeab438b2aefac53d5
01JP7V8H24ZXBCR0F95WE758E4,failed,2025-03-13 13:31:50 GMT,2025-03-13 13:33:27 GMT,dataSet,67081eeeab438b2aefac53d5
01JP7TCSHQNWCCB9ZRK4JHRB4D,failed,2025-03-13 13:16:41 GMT,2025-03-13 13:18:36 GMT,dataSet,67081eeeab438b2aefac53d5
01JP7SH2S2N8QSJXXP2E4B23GA,failed,2025-03-13 13:01:33 GMT,2025-03-13 13:03:42 GMT,dataSet,67081eeeab438b2aefac53d5
01JP7SH29AHB2RH58ZYX62K0BN,failed,2025-03-13 13:01:33 GMT,2025-03-13 13:03:41 GMT,dataSet,67081eeeab438b2aefac53d5
01JP7SH283JQSYCVFPY76Y7D0W,failed,2025-03-13 13:01:33 GMT,2025-03-13 13:03:40 GMT,dataSet,67081eeeab438b2aefac53d5
01JP7RN04XRY5CQ882E82FM7PK,failed,2025-03-13 12:46:13 GMT,2025-03-13 12:48:03 GMT,dataSet,67081eeeab438b2aefac53d5
01JP7QSKM3W4QRW9TG2W089THP,failed,2025-03-13 12:31:16 GMT,2025-03-13 12:33:33 GMT,dataSet,67081eeeab438b2aefac53d5
01JP7QSK8C2D1DNW9FJPCTWBJB,failed,2025-03-13 12:31:15 GMT,2025-03-13 12:33:35 GMT,dataSet,67081eeeab438b2aefac53d5
01JP7PY8QWTRANCA2FBEXZP769,failed,2025-03-13 12:16:20 GMT,2025-03-13 12:18:54 GMT,dataSet,67081eeeab438b2aefac53d5
01JP7P2XAMYAHACC32S80PT0CA,failed,2025-03-13 12:01:23 GMT,2025-03-13 12:03:59 GMT,dataSet,67081eeeab438b2aefac53d5
01JP7P2WZDQ6Q483XKMQMNGZFF,failed,2025-03-13 12:01:23 GMT,2025-03-13 12:03:58 GMT,dataSet,67081eeeab438b2aefac53d5
01JP7N7PKFYPX1JD5C587JAFA9,failed,2025-03-13 11:46:32 GMT,2025-03-13 11:48:34 GMT,dataSet,67081eeeab438b2aefac53d5
01JP7MDR1J9Y1Y1RDJ3FQ53FCV,failed,2025-03-13 11:32:21 GMT,2025-03-13 11:33:00 GMT,dataSet,67081eeeab438b2aefac53d5
01JP7MBVNJNXMSVDR83V044H8V,failed,2025-03-13 11:31:19 GMT,2025-03-13 11:33:02 GMT,dataSet,67081eeeab438b2aefac53d5
01JP7KGVDF235E6EB6B1F78FFV,failed,2025-03-13 11:16:34 GMT,2025-03-13 11:18:23 GMT,dataSet,67081eeeab438b2aefac53d5
01JP7JND2J52KJK6N0T54NADD4,failed,2025-03-13 11:01:35 GMT,2025-03-13 11:03:58 GMT,dataSet,67081eeeab438b2aefac53d5
01JP7JNCJJ455Q44VH6M4BP7SF,failed,2025-03-13 11:01:35 GMT,2025-03-13 11:04:00 GMT,dataSet,67081eeeab438b2aefac53d5
01JP7HSGSPQXJ85XQQ8DVRQB7W,failed,2025-03-13 10:46:21 GMT,2025-03-13 10:48:32 GMT,dataSet,67081eeeab438b2aefac53d5
01JP7GXYGN675NG26PMF4SJB8N,failed,2025-03-13 10:31:18 GMT,2025-03-13 10:33:15 GMT,dataSet,67081eeeab438b2aefac53d5
01JP7GXY42SSJY5N99410X9Y2H,failed,2025-03-13 10:31:17 GMT,2025-03-13 10:33:13 GMT,dataSet,67081eeeab438b2aefac53d5
01JP7G2F5XG1HNN704Z6CGHAK8,failed,2025-03-13 10:16:17 GMT,2025-03-13 10:19:00 GMT,dataSet,67081eeeab438b2aefac53d5
01JP7G2EPV0DE6TY86AFF51BN7,failed,2025-03-13 10:16:17 GMT,2025-03-13 10:18:56 GMT,dataSet,67081eeeab438b2aefac53d5
01JP7F70Q6XKJ0NZDTSS5EKZN5,failed,2025-03-13 10:01:18 GMT,2025-03-13 10:03:51 GMT,dataSet,67081eeeab438b2aefac53d5
01JP7F70B3549C88HGXMSE07D9,failed,2025-03-13 10:01:17 GMT,2025-03-13 10:03:54 GMT,dataSet,67081eeeab438b2aefac53d5
01JP7F6YVP4WP3A2A1RNKTS54F,failed,2025-03-13 10:01:16 GMT,2025-03-13 10:03:51 GMT,dataSet,67081eeeab438b2aefac53d5
01JP7EBK9P8F26Q1ZMEEVVS1XW,failed,2025-03-13 09:46:19 GMT,2025-03-13 09:48:22 GMT,dataSet,67081eeeab438b2aefac53d5
01JP7EBJVBN1XR8PFBFFY196VJ,failed,2025-03-13 09:46:19 GMT,2025-03-13 09:48:26 GMT,dataSet,67081eeeab438b2aefac53d5
01JP7DG62YB0YZ3NGE3RHPE6N1,failed,2025-03-13 09:31:21 GMT,2025-03-13 09:33:53 GMT,dataSet,67081eeeab438b2aefac53d5
01JP7DG5389TMGPMYPG92HXES9,failed,2025-03-13 09:31:20 GMT,2025-03-13 09:33:38 GMT,dataSet,67081eeeab438b2aefac53d5
01JP7CMGE1RQ5EDNPSS85NT5VA,failed,2025-03-13 09:16:14 GMT,2025-03-13 09:18:18 GMT,dataSet,67081eeeab438b2aefac53d5
01JP7BS2RG7GNREWA1A2XTF0YV,failed,2025-03-13 09:01:15 GMT,2025-03-13 09:02:59 GMT,dataSet,67081eeeab438b2aefac53d5
01JP7BS2B7VJWBC5FZ57CZ0W6N,failed,2025-03-13 09:01:15 GMT,2025-03-13 09:03:00 GMT,dataSet,67081eeeab438b2aefac53d5
01JP7BS1X0WQ6ES3PZ5FH2MRTP,failed,2025-03-13 09:01:15 GMT,2025-03-13 09:03:02 GMT,dataSet,67081eeeab438b2aefac53d5
01JP7AXYKR74M3D96BFTTTRHAF,failed,2025-03-13 08:46:27 GMT,2025-03-13 08:48:24 GMT,dataSet,67081eeeab438b2aefac53d5
01JP7AXY25PQBE3ZKNXJT1SWY2,failed,2025-03-13 08:46:26 GMT,2025-03-13 08:48:24 GMT,dataSet,67081eeeab438b2aefac53d5
01JP7A25RRD3DNPYFQ03E06X03,failed,2025-03-13 08:31:16 GMT,2025-03-13 08:32:58 GMT,dataSet,67081eeeab438b2aefac53d5
01JP7A25AQRCGQ1HPB8MAJS922,failed,2025-03-13 08:31:16 GMT,2025-03-13 08:32:58 GMT,dataSet,67081eeeab438b2aefac53d5
01JP796Y6M4AZ9G746GKYM7J8A,failed,2025-03-13 08:16:24 GMT,2025-03-13 08:18:57 GMT,dataSet,67081eeeab438b2aefac53d5
01JP796XWXV8H7E1CCXHK881Q1,failed,2025-03-13 08:16:24 GMT,2025-03-13 08:18:55 GMT,dataSet,67081eeeab438b2aefac53d5
01JP78BCF3JGVRVNXPKTACNHM4,failed,2025-03-13 08:01:21 GMT,2025-03-13 08:02:54 GMT,dataSet,67081eeeab438b2aefac53d5
01JP78BBSDH5F6BTNBQAAM1B3C,failed,2025-03-13 08:01:20 GMT,2025-03-13 08:02:53 GMT,dataSet,67081eeeab438b2aefac53d5
01JP78BAT9CB7A21DX1M9R2GQN,failed,2025-03-13 08:01:19 GMT,2025-03-13 08:02:53 GMT,dataSet,67081eeeab438b2aefac53d5
01JP78BAJVAEBHR0FMVC9VK1V6,failed,2025-03-13 08:01:19 GMT,2025-03-13 08:02:53 GMT,dataSet,67081eeeab438b2aefac53d5
01JP77FTZJAPA1HN03033HK0PH,failed,2025-03-13 07:46:18 GMT,2025-03-13 07:48:48 GMT,dataSet,67081eeeab438b2aefac53d5
01JP77FTDTZ5QN8XBPXK1NPNM5,failed,2025-03-13 07:46:18 GMT,2025-03-13 07:48:48 GMT,dataSet,67081eeeab438b2aefac53d5
01JP76MWZ1SAFYRHX11H9XDXHR,failed,2025-03-13 07:31:36 GMT,2025-03-13 07:33:38 GMT,dataSet,67081eeeab438b2aefac53d5
01JP76MW7CKK37PZVJZ7PRDT8B,failed,2025-03-13 07:31:35 GMT,2025-03-13 07:33:39 GMT,dataSet,67081eeeab438b2aefac53d5
01JP75RWCRT18ZJFA5RY2EAV10,failed,2025-03-13 07:16:17 GMT,2025-03-13 07:18:52 GMT,dataSet,67081eeeab438b2aefac53d5
01JP75RW4M5573HT3MCVRKXXTX,failed,2025-03-13 07:16:17 GMT,2025-03-13 07:18:51 GMT,dataSet,67081eeeab438b2aefac53d5
01JP74XR3FS498Z4ZDP3BV3872,failed,2025-03-13 07:01:28 GMT,2025-03-13 07:03:08 GMT,dataSet,67081eeeab438b2aefac53d5
01JP74XQ74CH0QXB86APV1VB94,failed,2025-03-13 07:01:27 GMT,2025-03-13 07:03:08 GMT,dataSet,67081eeeab438b2aefac53d5
01JP74XPVK0VEF4K2A5GHGAM7D,failed,2025-03-13 07:01:27 GMT,2025-03-13 07:03:07 GMT,dataSet,67081eeeab438b2aefac53d5
01JP74XP4MNW04XBZH3KHDRC49,failed,2025-03-13 07:01:26 GMT,2025-03-13 07:03:08 GMT,dataSet,67081eeeab438b2aefac53d5
01JP7426MQ1NBX6Q48KEHE7PV4,failed,2025-03-13 06:46:26 GMT,2025-03-13 06:48:05 GMT,dataSet,67081eeeab438b2aefac53d5
01JP7424CFQREJB0GVM7WSXC8V,failed,2025-03-13 06:46:23 GMT,2025-03-13 06:48:08 GMT,dataSet,67081eeeab438b2aefac53d5
01JP736PY2FKWCCPKVD730FS9E,failed,2025-03-13 06:31:25 GMT,2025-03-13 06:33:07 GMT,dataSet,67081eeeab438b2aefac53d5
01JP736P8GCEK10GNDZW0EW3QJ,failed,2025-03-13 06:31:24 GMT,2025-03-13 06:33:07 GMT,dataSet,67081eeeab438b2aefac53d5
01JP72B9M0NAV1YMHD7WC3CWZ8,failed,2025-03-13 06:16:27 GMT,2025-03-13 06:18:08 GMT,dataSet,67081eeeab438b2aefac53d5
01JP72B7Z4ZR3TCZ7BM8TC5SS0,failed,2025-03-13 06:16:25 GMT,2025-03-13 06:18:11 GMT,dataSet,67081eeeab438b2aefac53d5
01JP71FY6DSVBVPSZ4FFD3T87E,failed,2025-03-13 06:01:30 GMT,2025-03-13 06:03:41 GMT,dataSet,67081eeeab438b2aefac53d5
01JP71FXBYNF11WVDWFBSB0XN5,failed,2025-03-13 06:01:29 GMT,2025-03-13 06:03:44 GMT,dataSet,67081eeeab438b2aefac53d5
01JP71FWH98YVQV6D16E98JJM3,failed,2025-03-13 06:01:28 GMT,2025-03-13 06:03:45 GMT,dataSet,67081eeeab438b2aefac53d5
01JP70M9JDK8X6HZ5EF8FKM9WT,failed,2025-03-13 05:46:24 GMT,2025-03-13 05:48:03 GMT,dataSet,67081eeeab438b2aefac53d5
01JP70M9EB8Y8Y963HWJ613QB8,failed,2025-03-13 05:46:24 GMT,2025-03-13 05:48:04 GMT,dataSet,67081eeeab438b2aefac53d5
01JP6ZV0HYC2594N3CX0J6YSKS,failed,2025-03-13 05:32:36 GMT,2025-03-13 05:33:35 GMT,dataSet,67081eeeab438b2aefac53d5
01JP6ZS337D0P0V1EQJR8XPSQ0,failed,2025-03-13 05:31:33 GMT,2025-03-13 05:33:34 GMT,dataSet,67081eeeab438b2aefac53d5
01JP6YX34ZMA6NGCTJJ8DGFF8E,failed,2025-03-13 05:16:15 GMT,2025-03-13 05:18:12 GMT,dataSet,67081eeeab438b2aefac53d5
01JP6Y1T3YE623D666X2B65BVR,failed,2025-03-13 05:01:21 GMT,2025-03-13 05:03:14 GMT,dataSet,67081eeeab438b2aefac53d5
01JP6Y1SM7T8Y4CWB97W5Z3XWT,failed,2025-03-13 05:01:21 GMT,2025-03-13 05:03:15 GMT,dataSet,67081eeeab438b2aefac53d5
01JP6X6521QHMKZSFT31BY2133,failed,2025-03-13 04:46:15 GMT,2025-03-13 04:48:01 GMT,dataSet,67081eeeab438b2aefac53d5
01JP6X64DHX3VNZBD0CTNK6PFJ,failed,2025-03-13 04:46:15 GMT,2025-03-13 04:48:00 GMT,dataSet,67081eeeab438b2aefac53d5
01JP6WB0WA1E01YER5SF8DRNNV,failed,2025-03-13 04:31:26 GMT,2025-03-13 04:33:47 GMT,dataSet,67081eeeab438b2aefac53d5
01JP6VFPPTE3J4RX0JWQVMC4JY,failed,2025-03-13 04:16:31 GMT,2025-03-13 04:18:35 GMT,dataSet,67081eeeab438b2aefac53d5
01JP6TM6MNVNQRS3W0SJZJEPP2,failed,2025-03-13 04:01:30 GMT,2025-03-13 04:03:43 GMT,dataSet,67081eeeab438b2aefac53d5
01JP6TM64TNRT9K98FA9RKDDDQ,failed,2025-03-13 04:01:29 GMT,2025-03-13 04:03:41 GMT,dataSet,67081eeeab438b2aefac53d5
01JP6TM62WJ46YP7J6Q7XWXFWA,failed,2025-03-13 04:01:29 GMT,2025-03-13 04:03:44 GMT,dataSet,67081eeeab438b2aefac53d5
01JP6SRT722V2Y8WRXVYRF4XJP,failed,2025-03-13 03:46:32 GMT,2025-03-13 03:50:22 GMT,dataSet,67081eeeab438b2aefac53d5
01JP6RXKMRDDDDRNHVCP794DHA,failed,2025-03-13 03:31:41 GMT,2025-03-13 03:35:09 GMT,dataSet,67081eeeab438b2aefac53d5
01JP6RXHAD8SHMJ043MDKFZQ97,failed,2025-03-13 03:31:38 GMT,2025-03-13 03:35:08 GMT,dataSet,67081eeeab438b2aefac53d5
01JP6R24Y9GKH2D2G69GB3BBG3,failed,2025-03-13 03:16:41 GMT,2025-03-13 03:20:59 GMT,dataSet,67081eeeab438b2aefac53d5
01JP6Q6G0EQ0WKK0TVTCBD5GGE,failed,2025-03-13 03:01:35 GMT,2025-03-13 03:03:33 GMT,dataSet,67081eeeab438b2aefac53d5
01JP6Q6FBRNMSGFJZ34RXGKWAA,failed,2025-03-13 03:01:34 GMT,2025-03-13 03:03:32 GMT,dataSet,67081eeeab438b2aefac53d5
01JP6Q6F5CJQ39SG3244WFS336,failed,2025-03-13 03:01:34 GMT,2025-03-13 03:03:30 GMT,dataSet,67081eeeab438b2aefac53d5
01JP6PB185YA77HEC07Z8R4SWM,failed,2025-03-13 02:46:35 GMT,2025-03-13 02:48:36 GMT,dataSet,67081eeeab438b2aefac53d5
01JP6PB0SVTAKNQ8M98307T84G,failed,2025-03-13 02:46:35 GMT,2025-03-13 02:48:32 GMT,dataSet,67081eeeab438b2aefac53d5
01JP6NFMHGRDAEATDZYWBKMZFJ,failed,2025-03-13 02:31:37 GMT,2025-03-13 02:33:19 GMT,dataSet,67081eeeab438b2aefac53d5
01JP6NFKJVF7V2Q5J84H8DV1EC,failed,2025-03-13 02:31:36 GMT,2025-03-13 02:33:22 GMT,dataSet,67081eeeab438b2aefac53d5
01JP6MMAAXXDFA9VT02WH4ED5H,failed,2025-03-13 02:16:42 GMT,2025-03-13 02:20:37 GMT,dataSet,67081eeeab438b2aefac53d5
01JP6MM9WHXGE9R8N7ZCSP81T9,failed,2025-03-13 02:16:42 GMT,2025-03-13 02:20:39 GMT,dataSet,67081eeeab438b2aefac53d5
01JP6KRSZ0J6GRBN4C7H3GEWTB,failed,2025-03-13 02:01:41 GMT,2025-03-13 02:03:58 GMT,dataSet,67081eeeab438b2aefac53d5
01JP6KRSJ9KSJ6GPQ6JW9Q6Z1B,failed,2025-03-13 02:01:40 GMT,2025-03-13 02:03:59 GMT,dataSet,67081eeeab438b2aefac53d5
01JP6JXBESPDBQWDK8TCK1EPVH,failed,2025-03-13 01:46:41 GMT,2025-03-13 01:49:08 GMT,dataSet,67081eeeab438b2aefac53d5
01JP6JXADJK991BYZK96FKH743,failed,2025-03-13 01:46:40 GMT,2025-03-13 01:49:00 GMT,dataSet,67081eeeab438b2aefac53d5
01JP6J1XTRTQCAAZ8FNW7KAD4T,failed,2025-03-13 01:31:42 GMT,2025-03-13 01:33:47 GMT,dataSet,67081eeeab438b2aefac53d5
01JP6J1XKT3R6GYF7BMS2CM0EN,failed,2025-03-13 01:31:42 GMT,2025-03-13 01:33:47 GMT,dataSet,67081eeeab438b2aefac53d5
01JP6H65Y6ZT0GKSQEKN91G98F,failed,2025-03-13 01:16:33 GMT,2025-03-13 01:18:10 GMT,dataSet,67081eeeab438b2aefac53d5
01JP6H64FQ0AWBCFFDWGE26Q3R,failed,2025-03-13 01:16:32 GMT,2025-03-13 01:18:12 GMT,dataSet,67081eeeab438b2aefac53d5
01JP6GB72Y28VBR0C2MAA153FK,failed,2025-03-13 01:01:50 GMT,2025-03-13 01:03:57 GMT,dataSet,67081eeeab438b2aefac53d5
01JP6GB5WWZF4AQ9DKTFQ7ZFM5,failed,2025-03-13 01:01:48 GMT,2025-03-13 01:03:57 GMT,dataSet,67081eeeab438b2aefac53d5
01JP6FFT9JFS93FG2KZBC9KDA9,failed,2025-03-13 00:46:52 GMT,2025-03-13 00:49:01 GMT,dataSet,67081eeeab438b2aefac53d5
01JP6FFSD7FDZ82DECDZ04AX30,failed,2025-03-13 00:46:51 GMT,2025-03-13 00:49:02 GMT,dataSet,67081eeeab438b2aefac53d5
01JP6EKV2FJTMNRXNVKG3A8FT7,failed,2025-03-13 00:31:35 GMT,2025-03-13 00:33:16 GMT,dataSet,67081eeeab438b2aefac53d5
01JP6EKV0R7RN2NNE7G8FF1SDA,failed,2025-03-13 00:31:35 GMT,2025-03-13 00:33:14 GMT,dataSet,67081eeeab438b2aefac53d5
01JP6DRMQG3ZRPZHQ5QJJF4JG9,failed,2025-03-13 00:16:44 GMT,2025-03-13 00:18:50 GMT,dataSet,67081eeeab438b2aefac53d5
01JP6DRKG31NHCFGM49EN7PGSD,failed,2025-03-13 00:16:43 GMT,2025-03-13 00:18:51 GMT,dataSet,67081eeeab438b2aefac53d5
01JP6CWEKH0M4CHE4CT9VNDNV9,failed,2025-03-13 00:01:20 GMT,2025-03-13 00:03:06 GMT,dataSet,67081eeeab438b2aefac53d5
01JP6CWDNBATCJG6C4MZWNB1VM,failed,2025-03-13 00:01:19 GMT,2025-03-13 00:03:09 GMT,dataSet,67081eeeab438b2aefac53d5
01JP6C2VBP9B5QRVY1RQ8GM8X6,failed,2025-03-12 23:47:21 GMT,2025-03-12 23:48:01 GMT,dataSet,67081eeeab438b2aefac53d5
01JP6C0YZCFNVFRYJ0QP784AHK,failed,2025-03-12 23:46:19 GMT,2025-03-12 23:47:59 GMT,dataSet,67081eeeab438b2aefac53d5
01JP6B61P19M0J86X6SRKAP0GH,failed,2025-03-12 23:31:37 GMT,2025-03-12 23:34:18 GMT,dataSet,67081eeeab438b2aefac53d5
01JP6AEZ6BPCV81NHV9ZXA5W6F,failed,2025-03-12 23:19:01 GMT,2025-03-12 23:20:53 GMT,dataSet,67081eeeab438b2aefac53d5
01JP6AEXGVWWNY1Y8GGYX82J6M,failed,2025-03-12 23:18:59 GMT,2025-03-12 23:20:53 GMT,dataSet,67081eeeab438b2aefac53d5
01JP69EN9JXDJYR7GEZZ9DSJ58,failed,2025-03-12 23:01:22 GMT,2025-03-12 23:06:05 GMT,dataSet,67081eeeab438b2aefac53d5
01JP69EMNVZ1HG3XDEV684J8Q7,failed,2025-03-12 23:01:22 GMT,2025-03-12 23:06:05 GMT,dataSet,67081eeeab438b2aefac53d5
01JP69EM27MJP73VC4SCKXT4Y3,failed,2025-03-12 23:01:21 GMT,2025-03-12 23:06:03 GMT,dataSet,67081eeeab438b2aefac53d5
01JP68K58CCR81YGPKJ00VA7T3,failed,2025-03-12 22:46:21 GMT,2025-03-12 22:48:03 GMT,dataSet,67081eeeab438b2aefac53d5
01JP68K4DX9DM333R6029BMGZ5,failed,2025-03-12 22:46:20 GMT,2025-03-12 22:48:01 GMT,dataSet,67081eeeab438b2aefac53d5
01JP67QNY38985T5MJV0KDT17J,failed,2025-03-12 22:31:21 GMT,2025-03-12 22:33:12 GMT,dataSet,67081eeeab438b2aefac53d5
01JP66W60KP0YB4TBXNKBBZ1NR,failed,2025-03-12 22:16:20 GMT,2025-03-12 22:18:07 GMT,dataSet,67081eeeab438b2aefac53d5
01JP66W5XKNHY9DDFVRC5AC6XH,failed,2025-03-12 22:16:20 GMT,2025-03-12 22:18:19 GMT,dataSet,67081eeeab438b2aefac53d5
01JP660XTTA72ZDY6GFF0VR6P1,failed,2025-03-12 22:01:27 GMT,2025-03-12 22:03:13 GMT,dataSet,67081eeeab438b2aefac53d5
01JP660WY2RXGM0YXKNPFJ1BQ4,failed,2025-03-12 22:01:26 GMT,2025-03-12 22:03:27 GMT,dataSet,67081eeeab438b2aefac53d5
01JP655C2V8DX5MA6MZEV18G9V,failed,2025-03-12 21:46:24 GMT,2025-03-12 21:48:11 GMT,dataSet,67081eeeab438b2aefac53d5
01JP655BDJ5QBFXT58GG3BE42S,failed,2025-03-12 21:46:23 GMT,2025-03-12 21:48:11 GMT,dataSet,67081eeeab438b2aefac53d5
01JP64E7ZRC19B0J09AMS4C08X,failed,2025-03-12 21:33:46 GMT,2025-03-12 21:36:03 GMT,dataSet,67081eeeab438b2aefac53d5
01JP63EQCSR2R5BTQ8ZN4914GC,failed,2025-03-12 21:16:33 GMT,2025-03-12 21:19:31 GMT,dataSet,67081eeeab438b2aefac53d5
01JP62JX31HXHMB8MF9VC4E5BZ,failed,2025-03-12 21:01:21 GMT,2025-03-12 21:04:04 GMT,dataSet,67081eeeab438b2aefac53d5
01JP62JVSERF4SPNNBD0Q83WXY,failed,2025-03-12 21:01:20 GMT,2025-03-12 21:04:03 GMT,dataSet,67081eeeab438b2aefac53d5
01JP61QJY3Q2EVWB0TER98M0EX,failed,2025-03-12 20:46:26 GMT,2025-03-12 20:49:38 GMT,dataSet,67081eeeab438b2aefac53d5
01JP60VX8CJ9XZK8FYD7CW99RC,failed,2025-03-12 20:31:19 GMT,2025-03-12 20:38:12 GMT,dataSet,67081eeeab438b2aefac53d5
01JP60VWZR3GJZ33A7CRFV0EPR,failed,2025-03-12 20:31:19 GMT,2025-03-12 20:38:13 GMT,dataSet,67081eeeab438b2aefac53d5
01JP6061YR2W1C8XQS4J919T71,failed,2025-03-12 20:19:23 GMT,2025-03-12 20:22:39 GMT,dataSet,67081eeeab438b2aefac53d5
01JP6060R6GX3V4XP1CJVYZDYH,failed,2025-03-12 20:19:22 GMT,2025-03-12 20:22:55 GMT,dataSet,67081eeeab438b2aefac53d5
01JP5Z9G1XPFXFKW0S1P9PEH6R,failed,2025-03-12 20:03:48 GMT,2025-03-12 20:06:30 GMT,dataSet,67081eeeab438b2aefac53d5
01JP5Z9FP8F6ZJF0JY9SM167EF,failed,2025-03-12 20:03:47 GMT,2025-03-12 20:06:32 GMT,dataSet,67081eeeab438b2aefac53d5
